Id,Name
0019H00000NBJ0aQAH,Edge Communications
0019H00000NBJ0bQAH,Burlington Textiles Corp of America
0019H00000NBJ0cQAH,Pyramid Construction Inc.
0019H00000NBJ0dQAH,Dickenson plc
0019H00000NBJ0eQAH,Grand Hotels & Resorts Ltd
0019H00000NBJ0fQAH,United Oil & Gas Corp.
0019H00000NBJ0gQAH,Express Logistics and Transport
0019H00000NBJ0hQAH,University of Arizona
0019H00000NBJ0iQAH,"United Oil & Gas, UK"
0019H00000NBJ0jQAH,"United Oil & Gas, Singapore"
0019H00000NBJ0kQAH,GenePoint
0019H00000NBJ0lQAH,sForce
0019H00000NBJ0mQAH,Sample Account for Entitlements
0019H00000OvHUfQAN,Bush Whacker Outdoors Outlet
0019H00000OvIlqQAF,Panther Schools
0019H00000OvM9PQAV,Berkshire Farms
0019H00000Ox3KEQAZ,Wooba Restaurant
0019H00000OxizIQAR,Howling Wolf
0019H00000OxpLfQAJ,Cool Ridge Mountain Filtration LLC
0019H00000Oxq6bQAB,Brakenreid Securities
0019H00000OyVJIQA3,Piltdown Excavators